sender,receiver
35j9iqsKfrA6yeEncSLEQkt9CETdMN1t8A,1MoHPiukqqS6H6cumxsPBhCUZJ6i1LJUGk
3J5vkYrLCVF3XuHntW3QnYiYY4RQSsKj4z,3CeA23tdajVhuwPK8ttY5BZDtTXxsEzyka
1HQ8vTgJHbYPHMFb8cKQa7TEtPWi7QAofW,1Ah9nKEDshwMdCSuXeP2pTaHrUxJ5oyVB1
1Eu2mZYNzH9pyERDGHWcxmrapcGEeQAdY4,19QC9XoMVWxP43TkzkSKZhtcY4oZFqWb1d
3DrRXr3X7tKkzzA9DqNNsR72eyavpgAYWm,1BhW4J8xy6RpPQXfdqyTGtGh5bY3CqfUcb
1PBFyrjbmxPDgJR2hSiDhocejxkdUWdkPp,1LCDaSaePvDFBuymTugJGzrd3G76waT4bp
1Naf7ihe6mzhfuYwMfRJ95vd1NQchiFs2v,16TuoeqHPBjwF1E9vZUimaDL3RBEnoicDD
13LC62aJM5j254QrpeNJuCu9SAYPXXVkJE,1NZKNV1dZuoigQ5mHbs7pxKuBzxbqGPc5K
33yAyhWtZbnXD7eEFrmX3Ni1Ms4FLwnURq,3NZ5fQnYfZSPkN3mAhKhvfnM7rgMLkJDqD
3QeuYAmAAXePhVD1X7CdMsaKuXE25vWcN7,35G6kyv77CGKoxhpW4Bj4tGfGk53rkfvLk
1GwLJG2GKtVKjK9m19ny3rbLi2LXMKdeiW,17DuRd5zWr2LGupFCqiGhCkmMw3bVV7ic
14w5z89tcPkf9CUeMvN1nNXyC3dJAhiXiS,3QJbdA9S8o1KomH7K5HReUqNhuVFkDyRLm
1LGj9BZDt3MC4gG4whZRPKqGLMHQjYh1ot,35NvXgmPrvregdYeGG2ZTJincfvVvBvzjw
34AZE6pcJGEePZMgfyk9oSxYhYfN8PZNiX,3BtBbMyGjXvWKgTmgVCc5WjD5wYA2DNHZF
3N8gvMiPHjrjbW8ok5GztwZtyGFxuJuBAw,3MtkThgNW9CQseXsMbm3HHQALYKXVfL9PC
14WpV1f23AoxLsLb7Hc3AcBfGKJNsvJWkN,3Q3tauz7RWLEKBXyw8mkeBwk6ZQbRe6ybM
33NXbVYpqcFiuygK8fwNiAYgk9FKdK97WZ,3MatQGe5Pm3komDg5Ev82FBWdv3Tvwjozp
bc1q7842l0sr9wjw6ds3sfkw8s7y2y5npnvjsdj5c0,bc1qla0psqaq56emc0d969ja88sh3l4lftt0ud90md
1A6bK4t6gfM9DMFKuFJWCnFzoGMjdN1biC,17KoJNBWMzsMmCVqkyVC4Udf1oQRMXhrE1
3JLBxK2gByEwRBsc1kf3Lw9Y474fFrh3gp,1A4xSBk7SaGS6Bjgh6uCgjSfm87W2CZY6E
1MrTvMVGidWv4cVKYaQ1qZnBF8BTGoGThx,1Ny4nGW7ZwoM8ViXDdpRij4trHmiWvynBe
143T6S3y8rHjfPQxiwnSj9VDENXL52S963,1P7ZE99jzhJDYZD8bCpy7WqPUPow9vZYPX
18iGEwQUHk4yqD8aPcH2yGYp1RX3rd1w2J,1KXLgGRqu4dGtXfDJTfQt4y1K5VEMMmYFh
1tz5tEkjpkVu918s9DXEEkfYxd8y7ZGhH,1PmUgWp88dXBsh9NH6c65QHTYcFgjQqJee
37ATv1tVxJMi9qsLngdZVHVFknf24ksFJ6,3QygwVtPos86LQdEXANbPmUsuGKS2JjnyT
bc1q0g5zyswcm0kmhu26ecg04yg8gpgdksuzj7xh8x,39iTWDZNDS5jfgRqBtuRtVwC292HutTKxU
17U1JNvsJSDGUfqGCkTCpN1SasQwwGS4Xk,19R1EfHd5yBLWbhBCQbPA1AswfJXhsN3PG
16nWmKugUUrgMxV42bLoSRkMBVEahqk5KH,1GQdTUEyKdsxUwXJuSu388ZZhTTNiNhpXS
3QELtDpEJE1AidVWjwjBf1dgTq3izMo5tW,1ChMPgtxzCnV5SdqxTFupRcxBCk177JA6m
3ArEQkDgMCJcFtdccBQ6Npd3khD7DGfrs1,1MZLvuSFTvjamF2D1eDXimFhzXxEWs2PU3
327FbWVu7C1dPxAGPQvEpb81JkDx7XJVjy,3DqFv5CCXG1hJtN8XHxwbuX1aUz2XS63fe
3JMqD9SQs9tT2gXRX2ZCWUpVEnH1Y5b85B,162ryVMqwb9YGDacwkmBxwBNPcuH1fLVJW
16DzUdVNEf3vxpAMjQcP5ScctZiKnWmNhf,1Q4gwmUWxy6h71FUrueG9muQxQvYdYRRsm
3NHp9dNgvoWzgV2DnyQcJNdPLEZVvBJ9Rg,124FFmUq6cdtT5VchF3KBpvsdqpsak9Umn
1HbxQj7s3AdMMzFfuP3QtyCbCfZhU6ipWy,1Fu3iBR2EMQWeYGi3XvrPmcPUkne8ZWj9h
3Qae7sTFQTfHguM9JUC5eu6Pjkxqu2MbeA,35rgrBwUSmTcRPbMsL4AWDqobYPWPxPtx2
1LvybbgRkziNxNdU799GTafVPRkKXcNXN5,17SNAuLvkwgETuebWEj8B3ioToodsWZNUe
1LKNLVrRhgQB2jKsor3vfy5zWJNydcZKXj,1JBYr8vrBzisQpb2QC3rCA5cM6ek7WSppy
1jbRBJbYKGcTvrrbrGk5mMf4ojSAUrjZt,16wreW2r3rxKnAhhNkqHdeWF6iVu57qFA7
15MYTpuVjzAE73QXpP3Qp8sLBAaJUaaKWi,33gT18KedCY35k69qbmbwm7zX8ZaiaqMFe
bc1qcgvshxak47jughtxj47h4p54gkl9juxvxldqkl,bc1qljcfadetencfwxv42fdt7lexmnugdaauuzzj08
bc1q7kzpygltca7gxuae6nzpwvll69eam8xfq5v53w,bc1q8lx7sdmrvxhvgcwep40u8h6qaf3z79p5hvcg8a
13SWuDgc6nH1toogsnTdAdrJHC8muWzozA,19BEKB9pRVjqxntsm9AD4wsmsW2Zc6KFSi
1GX28yLjVWux7ws4UQ9FB4MnLH4UKTPK2z,1JGoWuuSzukwds7UWafMhoAUj3HMeQ3xNf
3JdSki4hXHeV6rUiYPyaP38snAjEAzNUYL,1GjTcDa9wjx8smW9N4bBFCwhYq3WoDqoQF
37QUYQvQdQ5nUKJtxMKgc4yutQqeik6bsK,1LaLQLvGnrCFQenu5ZS5BHZes5H3H2gcUa
3HSDVzrYMXdB5dfCApvu8tA69yxj3jr62t,14n4rVMH7hS3Kjcrtjui8mpQJEdFp1vNuQ
391Y3fxdqAbT3huTEoPQDhaCLdPyE7u5mj,39yWuTyLGZZXnCPbztXV2Bym13o3xRAnyW
3BTiBAEjmsP6aAkECJjb7qmqCT1srYesM9,14xaXXv7Tyywh5AmRqhJaXiB3cVNMNBoPx
1HfNYCfrX8dCdUtnbvG2BV94N6KwVwNrPK,13eVKiyfB3VHr2BQtkFGEaE99Vuob1pQr2
33H1LFWXYdLTZTrXwYiTvmfPZvM1u4Cuht,17Jk6kF1aem4MLadmwDRmEdR5pYpX9qeer
1DXRo9DmiyeyoefSuooYgKKRM5jZNJFaXJ,33pLMqmeFVP9FH6zy2ccTGoixBSnJqF7NP
17SgsNf7ovJvhKppYvYs9zJ2ipvhBEyg5h,17x7uHRBxB2EBbuu118rBKgkXJGzbCg3WE
1GuKE1Ne4XdUkGXMdceur2gxgx2uEPF5Sa,3HpRtDFigFYQMPSXedZLKbrBcTgUYGhjPL
1HAUxoUKaXyf3oq34NQkmrdMQshSN9XH7y,1MzDf7YyB3MK744StrTfdtCCozaz2xXb5s
35C2yY1SKiC4duMvVJQLgc6rKXH6WXtcJx,17bWku1WybQacEDd2bhsaHoAi6iU6s18zM
17QJMC2WvuFTmZdLKeHfTNgUJjc1pPD9UH,1Jc3iQ8Emb9FfDGhRo9K7EUTrTh7vgYAQp
1JLhgojtTHqjM6S9ufu2Uzhkqn7Dei6R63,382vLkixoLVYizTE2y5MQt8jUXHsyKs8tF
38WLxVmBraxXhB8gxMQ1oWZ4guSgShsmkV,32Eup1TPADYTAa46wq48c7qmg7AuFwigeM
1CtkenFsVXnEPcKsr5x3mQ5WbeCs48Wo73,19rM3qL17oZTK2neGPrEwzQZmTbyUjuVLc
1LTacof2ifSsFaVpLf9GQ6gYHWtDPBMrrP,1HgRJHnbiRNwh3NvPBGtScK1huRFDx3fSo
14WsFJzvSgQQfH5t7MbLQuHcH57afDomtU,1Ara2GCzZzZPgHBuvoxVWj3rWpJRxfprB
34oxChqTmef6gBQMRSurAnVj65NPtBEd5o,19VgMXbL3uZjnkEccoYrKXu4DvEp6WBexB
3HZifwK8nCScC45yY66Xe1ExacFJ76NENk,3MiLDG2LeeX6LiYNEtfVY5ST4itFzxaAwY
365QkAfceHK5WWbZbiojtB9NTbJm1iqsHT,1L6tCRDX3C2YEPz77RpsdcTuGnfvHAXwt4
12wfxSGGbTZ5nGHxk5o1zqUFBj1ddUPyJd,1D2hRMNsYXNZVonrxgxQguQ3Uk7fMxNT51
31jrBrSRcx2YhYXSVaej6AnXaub42TZHcD,33GmUsDkCSSNk8aMS6uE61dhszAoQhNEv1
39XWPfdvketCsb3KYHGA2cHbXKsL89WUwC,3NDUnupx6p1eWqmCyZyzg7AxJQS83xRqhN
33m2JWHBPnDyrFEVT7TrApC9haoqhoUgh9,35pNbXvJu7UM2mq12NjwGgHKGRJ2HTZSSF
12m4skTRDHao2XNh3DJzv2txsRzCWTtzLZ,1Bm1curaHWMSxwp4od8r5FjfA2n81kV51b
37RdHXBvjra6vUuB5Vdaj7c6cTk4suBGuj,3JPKveF3zY8wWNgeEY9tBVohYBEHFm18Zs
bc1qnk7k7zmj9vuclkeh8en6k8xpvg68v8ezfk03xh,bc1q03lum66clveftp86cuxd2rfdana524dprm4mlc
3NxBTDWsPfSDSMBNojD9VBWBnizow879eh,1JtEd9PamxWWnkZHD6Tah43b47mz7F7nug
3PUiftakunjMy2p9PMX5KgYWA67gExNSeA,3DajrEz1QtxqPL4oftv12NHwYRZScgxcZE
36iPnAt3YZ3HHC43ndQxEDsRNztzo3fEGx,39ATSuaW8smea7Z3MuePbjDVWBNtvCsjRB
bc1qlhqh03prz0vh4tzwrdztvjxvp09ksw5hszzjcj,17X6erHhYuKkRQc4DxzU8FtTdRMJssnyGd
1AiJNdVQ6ZPvd2FE1oqZyqyt86ojVXzyPk,17SmPZxcFfPRaGDkm7PyQrVpnxYvFg3JnM
1EyMkBRrrPX7AKrqEiuU4VDQCgwWHs42BF,3GkSz4CxnibWonZ1tnPAKPQMnQswA7pWAh
18nnX2j9qb4WRj13UBHmRWYVtgGQx2sQBr,1DjjQwtW6Lk6jxGb5Zj54F3hURXo5LLyKg
35JV8UKbJVoRBnaXezTYWbH2W8ZfNYiKZH,bc1qppy8vx3t72flgwg703jr3ana2pmfgnf9ltevfp
bc1qn62tj2wtxdxu0hce0axkkuvlhe92k5man4kuqs,bc1q6xuy33sfdal68pka20vd8ydeyggcysul6wzu66
3A4ekuYro22Zt4p3wRgqug1jTe7xx3GWuk,1MJnDzwe8EZez9LFLxb874f9P6CnXMZxsq
161zvXptymuACqUvmV4ZvnaxEfxZRfERQQ,3Eddea1S1BYdMAkqmdVFbdF4jfcpJZcEW2
33r1ky58B9Djs3KDtUMBNaK8X3NzsHXXkA,38HHQBREccLyB4uBdz2W2v2ZZiB7z86P1g
37k3Ej1htzRPPVowMjcGn2Atueh4mjUJFG,3FYcYZCQCmNg2vbP1jQvhawo8tuVtHEuTT
1CLA3xKH3LCd4q73coAvfG6tRGYbisGun,1ckgWSRZfixg6q5F2Nm8Fp3ZzdTJR7zGY
3AZxtF9oT4o9TRKEePW4AgA1WHTzkUXohg,bc1q6zxhf06l6v53ztxhvrqgypen4p8nluhfj4vtem
bc1qzcrkmgmxr6w9gp2sca2cjz66gppec4xaxhsqu6,bc1q4t7y9qudajdxe6qf6paz8dyppgaa4ajtgtpdpw
37NHgmRtw8qLJy3CfeRgUp6sy7qDAdqo32,3HxaRb5md7JDqkdTesMHTjup9YbejNPv8v
37WSkANPVUQ8uuktf8hv671CejRtBtQ4tJ,1D6dC7yPyQffLsWuYqdTGxPEEtGbdbokwX
192PRstCUxTJxpvEn4ADbh2ZCic1xgxe67,185UCf6uHFKH8QDyYLjg4FeP768Cr4Z6yu
bc1qwhepczpkgx2kxtvu6vxsrjrargcgx37frnk5xu,bc1qtgzq29qryknwz2qcstdgdtwy42c60qk7el4ktt
34jT59hnBLcRwsrsGEjp7QWREChhr9YALM,1PhBXEfu7YGtr5kmxPzb74LpqRo8JKqrjz
15BMhgvMm6rhax4VKqKCHep4zePXy8Qk2J,13g4SKygAa3ktuawex1w7dgTy3rudUgM9Y
3FnNBh3Z8279Nh4kaCLP9q6eM37VoRTFzB,32Wshmu7vjP46AU2kukezyD6NmtioG259M
1Po537wUMn3zNPDGEib97dcSw3NXScvDvk,13HCiUKBz4Gz6GQ3wTCJsSr19RHnLL6wxP
bc1q8hsmjt9swjf5urg7u45pzngrql7ydkjtvv36qk,bc1qyu07gklg5y9qj73802t8mgswucfvwcmfj4f9f6
37WJw96KDQerWJD663q4FrhB2fpg5hnG8j,32oixHTHyURWvfDTHdKXEnDt45JLTZzM1W
1FtvPYkgtpUUaSWxX8mcg54wSwPUY8JSKN,bc1q99et6k88xmvwmxu8lumlphz5pyqzt7tggg6c3u
34GzGdvLgTdqgxEvpfPZ1UY1UtbXA3eNo1,1Huud8reJVY5mDcbMJPSu2FxA2fZvBhrWi
